<?xml version="1.0" encoding="UTF-8"?>
<metadata xmlns:xsi="http://www.w3.org/2001/XMLSchema-instance" xsi:noNamespaceSchemaLocation="http://fgdcxml.sourceforge.net/schema/fgdc-std-012-2002/fgdc-std-012-2002.xsd" >
  <idinfo>
    <citation>
      <citeinfo>
        <origin>
Project: State of Hawaii Beach Monitoring Quality Assurance
Name: State of Hawaii Clean Water Branch (CWB)
Email: CleanWaterBranch@doh.hawaii.gov
Institution: State of Hawaii Clean Water Branch (CWB)
InfoURL: http://www.beachapedia.org/State_of_the_Beach/State_Reports/HI/Water_Quality
Source URL: (source database)
        </origin>
        <pubdate>20130328</pubdate>
        <title>Hawaii Clean Water Branch (CWB) Beach Water Quality Data</title>
        <edition>Unknown</edition>
        <geoform>tabular digital data</geoform>
        <pubinfo>
          <pubplace>Honolulu, HI, USA</pubplace>
          <publish>ERDDAP, version 1.80, at Pacific Islands Ocean Observing System (PacIOOS)</publish>
        </pubinfo>
        <onlink>http://oos.soest.hawaii.edu/erddap/tabledap/cwb_water_quality.html</onlink>
        <onlink>http://oos.soest.hawaii.edu/erddap/tabledap/cwb_water_quality.graph</onlink>
        <lworkcit>
          <citeinfo>
            <origin>State of Hawaii Beach Monitoring Quality Assurance</origin>
          </citeinfo>
        </lworkcit>
      </citeinfo>
    </citation>
    <descript>
      <abstract>Exposure to sewage contaminated recreational waters may cause gastrointestinal illnesses in swimmers. The State of Hawaii Department of Health (HIDOH) Clean Water Branch (CWB) monitors the waters of Hawaii&#39;s beaches for concentrations of Enterococcus, which acts as an indicator of pathogens. The CWB also uses Clostridium perfringens as a secondary tracer of sewage contamination. Results of this monitoring are evaluated using a decision rule to determine whether a beach is safe (&quot;Compliant&quot;) or not safe (on &quot;Alert&quot;) for swimming and other water contact activities. If a beach is found to be on &quot;Alert&quot; due to elevated indicator bacteria levels, the CWB issues public warnings and alerts and determines whether resampling of the area is necessary.

Under the U.S. BEACH Act, the State of Hawaii receives an annual grant to implement its beach monitoring program. This requires the State to conduct a monitoring and notification program that is consistent with performance criteria published by the U.S. Environmental Protection Agency (EPA) in 2002. In March 2010, EPA approved amendments to the Hawaii Administrative Rules (HAR), Chapter 11-54, Water Quality Standards (CWB QAPrgP, HIDOH 2011, Appendix D), which revised the previous State Enterococcus criteria of a geometric mean (GM) of 7 colony-forming units (CFU) per 100 mL and a single sample maximum (SSM) of 100 CFU/100 mL to meet current EPA guidelines. The State of Hawaii now uses the EPA recommended Enterococcus GM and SSM for recreational waters consistent in the 1986 Ambient Water Quality Criteria for Bacteria. The criterion lists the GM and SSM for marine waters as 35 CFU/100 mL and 104 CFU/100 mL, respectively.

The CWB utilizes Clostridium perfringens as a secondary tracer in addition to the Enterococcus indicator to help distinguish between sewage and non-sewage sources of elevated Enterococcus levels in marine coastal waters. The reliability of Enterococcus as an indicator organism in tropical environments has been questioned. This issue was formally documented in the report, Tropical Water Quality Indicator Workshop (Fujioka and Byappanahalli, 2003).

One of the limitations of all available and EPA-approved test methods is that the sample must be incubated for about 24 hours. As a result, the public finds out today when they shouldn&#39;t have gone in the water yesterday. As a result, warning signs on the beach may or may not be reflective of actual water quality because they are based on tests performed one or more days ago.</abstract>
      <purpose>Unknown</purpose>
      <supplinf>http://www.beachapedia.org/State_of_the_Beach/State_Reports/HI/Water_Quality</supplinf>
    </descript>
    <timeperd>
      <timeinfo>
        <rngdates>
          <begdate>19730604</begdate>
          <enddate>Unknown</enddate>
        </rngdates>
      </timeinfo>
      <current>ground condition</current>
    </timeperd>
    <status>
      <progress>Complete</progress>
      <update>As needed</update>
    </status>
    <spdom>
      <bounding>
        <westbc>-159.7774</westbc>
        <eastbc>-154.8167</eastbc>
        <northbc>22.22542</northbc>
        <southbc>18.91439</southbc>
      </bounding>
    </spdom>
    <keywords>
      <theme>
        <themekt>Uncontrolled</themekt>
        <themekey>Earth Science &gt; Oceans &gt; Ocean Chemistry &gt; Oxygen</themekey>
        <themekey>Earth Science &gt; Oceans &gt; Ocean Chemistry &gt; pH</themekey>
        <themekey>Earth Science &gt; Oceans &gt; Ocean Optics &gt; Turbidity</themekey>
        <themekey>Earth Science &gt; Oceans &gt; Ocean Temperature &gt; Water Temperature</themekey>
        <themekey>Earth Science &gt; Oceans &gt; Salinity/Density &gt; Salinity</themekey>
        <themekey>Earth Science &gt; Oceans &gt; Water Quality</themekey>
        <themekey>Earth Science &gt; Oceans &gt; Water Quality &gt; Ocean Contaminants</themekey>
      </theme>
      <theme>
        <themekt>CF-1.7</themekt>
        <themekey>time</themekey>
        <themekey>longitude</themekey>
        <themekey>latitude</themekey>
        <themekey>number_concentration_of_enterococcus_in_sea_water</themekey>
        <themekey>number_concentration_of_clostridium_perfringens_in_sea_water</themekey>
        <themekey>sea_water_temperature</themekey>
        <themekey>sea_water_salinity</themekey>
        <themekey>sea_water_turbidity</themekey>
        <themekey>sea_water_ph_reported_on_total_scale</themekey>
        <themekey>mass_concentration_of_oxygen_in_sea_water</themekey>
        <themekey>fractional_saturation_of_oxygen_in_sea_water</themekey>
      </theme>
    </keywords>
    <accconst>None.</accconst>
    <useconst>The data may be used and redistributed for free but is not intended for legal use, since it may contain inaccuracies. Neither the data Contributor, University of Hawaii, PacIOOS, NOAA, State of Hawaii nor the United States Government, nor any of their employees or contractors, makes any warranty, express or implied, including warranties of merchantability and fitness for a particular purpose, or assumes any legal liability for the accuracy, completeness, or usefulness, of this information.</useconst>
    <ptcontac>
      <cntinfo>
        <cntorgp>
          <cntorg>State of Hawaii Clean Water Branch (CWB)</cntorg>
          <cntper>State of Hawaii Clean Water Branch (CWB)</cntper>
        </cntorgp>
        <cntpos>Unknown</cntpos>
        <cntaddr>
          <addrtype>Mailing and Physical Address</addrtype>
          <address>Unknown</address>
          <city>Unknown</city>
          <state>Unknown</state>
          <postal>Unknown</postal>
          <country>Unknown</country>
        </cntaddr>
        <cntvoice>Unknown</cntvoice>
        <cntemail>CleanWaterBranch@doh.hawaii.gov</cntemail>
      </cntinfo>
    </ptcontac>
    <browse>
      <browsen>http://oos.soest.hawaii.edu/erddap/tabledap/cwb_water_quality.graph</browsen>
      <browsed>Web page to make a customized map or graph of the data</browsed>
      <browset>HTML</browset>
    </browse>
    <datacred>Contributor Name: John Maurer
Contributor Role: distributor
Acknowledgement: The Pacific Islands Ocean Observing System (PacIOOS) is funded through the National Oceanic and Atmospheric Administration (NOAA) as a Regional Association within the U.S. Integrated Ocean Observing System (IOOS). PacIOOS is coordinated by the University of Hawaii School of Ocean and Earth Science and Technology (SOEST).
    </datacred>
  </idinfo>
  <dataqual>
    <logic>Unknown</logic>
    <complete>Unknown</complete>
    <posacc>
      <horizpa>
        <horizpar>Unknown</horizpar>
      </horizpa>
      <vertacc>
        <vertaccr>Unknown</vertaccr>
      </vertacc>
    </posacc>
    <lineage>
      <procstep>
        <procdesc>PacIOOS ingested from U.S. Water Quality Portal and Hawaii Clean Water Branch into PacIOOS ERDDAP data server (03/2013)</procdesc>
        <procdate>Unknown</procdate>
      </procstep>
    </lineage>
  </dataqual>
  <spdoinfo>
    <direct>Point</direct>
    <ptvctinf>
      <sdtstrm>
        <sdtstyp>Point</sdtstyp>
      </sdtstrm>
    </ptvctinf>
  </spdoinfo>
  <distinfo>
    <distrib>
            <cntinfo>
              <cntorgp>
                <cntorg>Pacific Islands Ocean Observing System (PacIOOS)</cntorg>
                <cntper>Jim Potemra</cntper>
              </cntorgp>
              <cntpos>Data System Manager</cntpos>
              <cntaddr>
                <addrtype>Mailing and Physical Address</addrtype>
                <address>1680 East West Road, POST-401</address>
                <city>Honolulu</city>
                <state>HI</state>
                <postal>96822</postal>
                <country>USA</country>
              </cntaddr>
              <cntvoice>808-956-2737</cntvoice>
              <cntemail>jimp@hawaii.edu</cntemail>
            </cntinfo>
    </distrib>
    <resdesc>ERDDAP, version 1.80: get metadata; download data; make graphs and maps.</resdesc>
    <distliab>The data may be used and redistributed for free but is not intended for legal use, since it may contain inaccuracies. Neither the data Contributor, University of Hawaii, PacIOOS, NOAA, State of Hawaii nor the United States Government, nor any of their employees or contractors, makes any warranty, express or implied, including warranties of merchantability and fitness for a particular purpose, or assumes any legal liability for the accuracy, completeness, or usefulness, of this information.</distliab>
    <stdorder>
      <digform>
        <digtinfo>
          <formname>.asc</formname>
          <formvern>1</formvern>
          <formspec>View OPeNDAP-style ISO-8859-1 comma-separated text. http://docs.opendap.org/index.php/UserGuideOPeNDAPMessages#ASCII_Service</formspec>
        </digtinfo>
        <digtopt>
          <onlinopt>
            <computer>
              <networka>
                <networkr>http://oos.soest.hawaii.edu/erddap/tabledap/cwb_water_quality.html</networkr>
              </networka>
            </computer>
          </onlinopt>
        </digtopt>
      </digform>
      <digform>
        <digtinfo>
          <formname>.csv</formname>
          <formvern>1</formvern>
          <formspec>Download a ISO-8859-1 comma-separated text table (line 1: names; line 2: units; ISO 8601 times). https://en.wikipedia.org/wiki/Comma-separated_values</formspec>
        </digtinfo>
        <digtopt>
          <onlinopt>
            <computer>
              <networka>
                <networkr>http://oos.soest.hawaii.edu/erddap/tabledap/cwb_water_quality.html</networkr>
              </networka>
            </computer>
          </onlinopt>
        </digtopt>
      </digform>
      <digform>
        <digtinfo>
          <formname>.csvp</formname>
          <formvern>1</formvern>
          <formspec>Download a ISO-8859-1 .csv file with line 1: name (units). Times are ISO 8601 strings. https://en.wikipedia.org/wiki/Comma-separated_values</formspec>
        </digtinfo>
        <digtopt>
          <onlinopt>
            <computer>
              <networka>
                <networkr>http://oos.soest.hawaii.edu/erddap/tabledap/cwb_water_quality.html</networkr>
              </networka>
            </computer>
          </onlinopt>
        </digtopt>
      </digform>
      <digform>
        <digtinfo>
          <formname>.csv0</formname>
          <formvern>1</formvern>
          <formspec>Download a ISO-8859-1 .csv file without column names or units. Times are ISO 8601 strings. https://en.wikipedia.org/wiki/Comma-separated_values</formspec>
        </digtinfo>
        <digtopt>
          <onlinopt>
            <computer>
              <networka>
                <networkr>http://oos.soest.hawaii.edu/erddap/tabledap/cwb_water_quality.html</networkr>
              </networka>
            </computer>
          </onlinopt>
        </digtopt>
      </digform>
      <digform>
        <digtinfo>
          <formname>.das</formname>
          <formvern>1</formvern>
          <formspec>View the dataset&#39;s metadata via an ISO-8859-1 OPeNDAP Dataset Attribute Structure (DAS). http://docs.opendap.org/index.php/UserGuideOPeNDAPMessages#Dataset_Attribute_Structure</formspec>
        </digtinfo>
        <digtopt>
          <onlinopt>
            <computer>
              <networka>
                <networkr>http://oos.soest.hawaii.edu/erddap/tabledap/cwb_water_quality.html</networkr>
              </networka>
            </computer>
          </onlinopt>
        </digtopt>
      </digform>
      <digform>
        <digtinfo>
          <formname>.dds</formname>
          <formvern>1</formvern>
          <formspec>View the dataset&#39;s structure via an ISO-8859-1 OPeNDAP Dataset Descriptor Structure (DDS). http://docs.opendap.org/index.php/UserGuideOPeNDAPMessages#Dataset_Descriptor_Structure</formspec>
        </digtinfo>
        <digtopt>
          <onlinopt>
            <computer>
              <networka>
                <networkr>http://oos.soest.hawaii.edu/erddap/tabledap/cwb_water_quality.html</networkr>
              </networka>
            </computer>
          </onlinopt>
        </digtopt>
      </digform>
      <digform>
        <digtinfo>
          <formname>.dods</formname>
          <formvern>1</formvern>
          <formspec>OPeNDAP clients use this to download the data in the DODS binary format. http://docs.opendap.org/index.php/UserGuideOPeNDAPMessages#Data_Transmission</formspec>
        </digtinfo>
        <digtopt>
          <onlinopt>
            <computer>
              <networka>
                <networkr>http://oos.soest.hawaii.edu/erddap/tabledap/cwb_water_quality.html</networkr>
              </networka>
            </computer>
          </onlinopt>
        </digtopt>
      </digform>
      <digform>
        <digtinfo>
          <formname>.esriCsv</formname>
          <formvern>1</formvern>
          <formspec>Download a ISO_8859_1 .csv file for ESRI&#39;s ArcGIS 9.x and below (separate date and time columns). https://support.esri.com/technical-article/000012745</formspec>
        </digtinfo>
        <digtopt>
          <onlinopt>
            <computer>
              <networka>
                <networkr>http://oos.soest.hawaii.edu/erddap/tabledap/cwb_water_quality.html</networkr>
              </networka>
            </computer>
          </onlinopt>
        </digtopt>
      </digform>
      <digform>
        <digtinfo>
          <formname>.fgdc</formname>
          <formvern>1</formvern>
          <formspec>View the dataset&#39;s UTF-8 FGDC .xml metadata. https://www.fgdc.gov/standards/projects/FGDC-standards-projects/metadata/base-metadata/index_html</formspec>
        </digtinfo>
        <digtopt>
          <onlinopt>
            <computer>
              <networka>
                <networkr>http://oos.soest.hawaii.edu/erddap/tabledap/cwb_water_quality.html</networkr>
              </networka>
            </computer>
          </onlinopt>
        </digtopt>
      </digform>
      <digform>
        <digtinfo>
          <formname>.geoJson</formname>
          <formvern>1</formvern>
          <formspec>Download longitude,latitude,otherColumns data as a UTF-8 GeoJSON .json file. http://wiki.geojson.org/Main_Page</formspec>
        </digtinfo>
        <digtopt>
          <onlinopt>
            <computer>
              <networka>
                <networkr>http://oos.soest.hawaii.edu/erddap/tabledap/cwb_water_quality.html</networkr>
              </networka>
            </computer>
          </onlinopt>
        </digtopt>
      </digform>
      <digform>
        <digtinfo>
          <formname>.graph</formname>
          <formvern>1</formvern>
          <formspec>View a Make A Graph web page. https://coastwatch.pfeg.noaa.gov/erddap/tabledap/documentation.html#GraphicsCommands</formspec>
        </digtinfo>
        <digtopt>
          <onlinopt>
            <computer>
              <networka>
                <networkr>http://oos.soest.hawaii.edu/erddap/tabledap/cwb_water_quality.html</networkr>
              </networka>
            </computer>
          </onlinopt>
        </digtopt>
      </digform>
      <digform>
        <digtinfo>
          <formname>.help</formname>
          <formvern>1</formvern>
          <formspec>View a web page with a description of tabledap. https://www.opendap.org/pdf/ESE-RFC-004v1.2.pdf</formspec>
        </digtinfo>
        <digtopt>
          <onlinopt>
            <computer>
              <networka>
                <networkr>http://oos.soest.hawaii.edu/erddap/tabledap/cwb_water_quality.html</networkr>
              </networka>
            </computer>
          </onlinopt>
        </digtopt>
      </digform>
      <digform>
        <digtinfo>
          <formname>.html</formname>
          <formvern>1</formvern>
          <formspec>View an OPeNDAP-style HTML Data Access Form. http://docs.opendap.org/index.php/UserGuideOPeNDAPMessages#WWW_Interface_Service</formspec>
        </digtinfo>
        <digtopt>
          <onlinopt>
            <computer>
              <networka>
                <networkr>http://oos.soest.hawaii.edu/erddap/tabledap/cwb_water_quality.html</networkr>
              </networka>
            </computer>
          </onlinopt>
        </digtopt>
      </digform>
      <digform>
        <digtinfo>
          <formname>.htmlTable</formname>
          <formvern>1</formvern>
          <formspec>View a UTF-8 .html web page with the data in a table. Times are ISO 8601 strings. https://www.w3schools.com/html/html_tables.asp</formspec>
        </digtinfo>
        <digtopt>
          <onlinopt>
            <computer>
              <networka>
                <networkr>http://oos.soest.hawaii.edu/erddap/tabledap/cwb_water_quality.html</networkr>
              </networka>
            </computer>
          </onlinopt>
        </digtopt>
      </digform>
      <digform>
        <digtinfo>
          <formname>.iso19115</formname>
          <formvern>1</formvern>
          <formspec>View the dataset&#39;s ISO 19115-2/19139 UTF-8 .xml metadata. https://en.wikipedia.org/wiki/Geospatial_metadata</formspec>
        </digtinfo>
        <digtopt>
          <onlinopt>
            <computer>
              <networka>
                <networkr>http://oos.soest.hawaii.edu/erddap/tabledap/cwb_water_quality.html</networkr>
              </networka>
            </computer>
          </onlinopt>
        </digtopt>
      </digform>
      <digform>
        <digtinfo>
          <formname>.itx</formname>
          <formvern>1</formvern>
          <formspec>Download an ISO-8859-1 Igor Text File. Each response column becomes a wave. http://www.wavemetrics.net/doc/igorman/II-09&#37;20Data&#37;20Import&#37;20Export.pdf</formspec>
        </digtinfo>
        <digtopt>
          <onlinopt>
            <computer>
              <networka>
                <networkr>http://oos.soest.hawaii.edu/erddap/tabledap/cwb_water_quality.html</networkr>
              </networka>
            </computer>
          </onlinopt>
        </digtopt>
      </digform>
      <digform>
        <digtinfo>
          <formname>.json</formname>
          <formvern>1</formvern>
          <formspec>View a table-like UTF-8 JSON file (missing value = &#39;null&#39;; times are ISO 8601 strings). http://www.json.org/</formspec>
        </digtinfo>
        <digtopt>
          <onlinopt>
            <computer>
              <networka>
                <networkr>http://oos.soest.hawaii.edu/erddap/tabledap/cwb_water_quality.html</networkr>
              </networka>
            </computer>
          </onlinopt>
        </digtopt>
      </digform>
      <digform>
        <digtinfo>
          <formname>.jsonlCSV</formname>
          <formvern>1</formvern>
          <formspec>View a UTF-8 JSON Lines CSV file (missing value = &#39;null&#39;; times are ISO 8601 strings). http://jsonlines.org/</formspec>
        </digtinfo>
        <digtopt>
          <onlinopt>
            <computer>
              <networka>
                <networkr>http://oos.soest.hawaii.edu/erddap/tabledap/cwb_water_quality.html</networkr>
              </networka>
            </computer>
          </onlinopt>
        </digtopt>
      </digform>
      <digform>
        <digtinfo>
          <formname>.jsonlKVP</formname>
          <formvern>1</formvern>
          <formspec>View a UTF-8 JSON Lines file with Key:Value pairs (missing value = &#39;null&#39;; times are ISO 8601 strings). http://jsonlines.org/</formspec>
        </digtinfo>
        <digtopt>
          <onlinopt>
            <computer>
              <networka>
                <networkr>http://oos.soest.hawaii.edu/erddap/tabledap/cwb_water_quality.html</networkr>
              </networka>
            </computer>
          </onlinopt>
        </digtopt>
      </digform>
      <digform>
        <digtinfo>
          <formname>.mat</formname>
          <formvern>1</formvern>
          <formspec>Download a MATLAB binary file. https://www.mathworks.com/</formspec>
        </digtinfo>
        <digtopt>
          <onlinopt>
            <computer>
              <networka>
                <networkr>http://oos.soest.hawaii.edu/erddap/tabledap/cwb_water_quality.html</networkr>
              </networka>
            </computer>
          </onlinopt>
        </digtopt>
      </digform>
      <digform>
        <digtinfo>
          <formname>.nc</formname>
          <formvern>1</formvern>
          <formspec>Download a flat, table-like, NetCDF-3 binary file with COARDS/CF/ACDD metadata. https://www.unidata.ucar.edu/software/netcdf/</formspec>
        </digtinfo>
        <digtopt>
          <onlinopt>
            <computer>
              <networka>
                <networkr>http://oos.soest.hawaii.edu/erddap/tabledap/cwb_water_quality.html</networkr>
              </networka>
            </computer>
          </onlinopt>
        </digtopt>
      </digform>
      <digform>
        <digtinfo>
          <formname>.ncHeader</formname>
          <formvern>1</formvern>
          <formspec>View the UTF-8 header (the metadata) for the NetCDF-3 .nc file. https://www.unidata.ucar.edu/software/netcdf/netcdf-4/newdocs/ncdump-man-1.html</formspec>
        </digtinfo>
        <digtopt>
          <onlinopt>
            <computer>
              <networka>
                <networkr>http://oos.soest.hawaii.edu/erddap/tabledap/cwb_water_quality.html</networkr>
              </networka>
            </computer>
          </onlinopt>
        </digtopt>
      </digform>
      <digform>
        <digtinfo>
          <formname>.ncCF</formname>
          <formvern>1</formvern>
          <formspec>Download a NetCDF-3 CF Discrete Sampling Geometries file (Contiguous Ragged Array). http://cfconventions.org/cf-conventions/v1.6.0/cf-conventions.html#discrete-sampling-geometries</formspec>
        </digtinfo>
        <digtopt>
          <onlinopt>
            <computer>
              <networka>
                <networkr>http://oos.soest.hawaii.edu/erddap/tabledap/cwb_water_quality.html</networkr>
              </networka>
            </computer>
          </onlinopt>
        </digtopt>
      </digform>
      <digform>
        <digtinfo>
          <formname>.ncCFHeader</formname>
          <formvern>1</formvern>
          <formspec>View the UTF-8 header (the metadata) for the .ncCF file. https://www.unidata.ucar.edu/software/netcdf/netcdf-4/newdocs/ncdump-man-1.html</formspec>
        </digtinfo>
        <digtopt>
          <onlinopt>
            <computer>
              <networka>
                <networkr>http://oos.soest.hawaii.edu/erddap/tabledap/cwb_water_quality.html</networkr>
              </networka>
            </computer>
          </onlinopt>
        </digtopt>
      </digform>
      <digform>
        <digtinfo>
          <formname>.ncCFMA</formname>
          <formvern>1</formvern>
          <formspec>Download a NetCDF-3 CF Discrete Sampling Geometries file (Multidimensional Array). https://www.nodc.noaa.gov/data/formats/netcdf/</formspec>
        </digtinfo>
        <digtopt>
          <onlinopt>
            <computer>
              <networka>
                <networkr>http://oos.soest.hawaii.edu/erddap/tabledap/cwb_water_quality.html</networkr>
              </networka>
            </computer>
          </onlinopt>
        </digtopt>
      </digform>
      <digform>
        <digtinfo>
          <formname>.ncCFMAHeader</formname>
          <formvern>1</formvern>
          <formspec>View the UTF-8 header (the metadata) for the .ncCFMA file. https://www.unidata.ucar.edu/software/netcdf/netcdf-4/newdocs/ncdump-man-1.html</formspec>
        </digtinfo>
        <digtopt>
          <onlinopt>
            <computer>
              <networka>
                <networkr>http://oos.soest.hawaii.edu/erddap/tabledap/cwb_water_quality.html</networkr>
              </networka>
            </computer>
          </onlinopt>
        </digtopt>
      </digform>
      <digform>
        <digtinfo>
          <formname>.nccsv</formname>
          <formvern>1</formvern>
          <formspec>Download a NetCDF-3-like 7-bit ASCII NCCSV .csv file with COARDS/CF/ACDD metadata. https://coastwatch.pfeg.noaa.gov/erddap/downloads/NCCSV.html</formspec>
        </digtinfo>
        <digtopt>
          <onlinopt>
            <computer>
              <networka>
                <networkr>http://oos.soest.hawaii.edu/erddap/tabledap/cwb_water_quality.html</networkr>
              </networka>
            </computer>
          </onlinopt>
        </digtopt>
      </digform>
      <digform>
        <digtinfo>
          <formname>.nccsvMetadata</formname>
          <formvern>1</formvern>
          <formspec>View the dataset&#39;s metadata as the top half of a 7-bit ASCII NCCSV .csv file. https://coastwatch.pfeg.noaa.gov/erddap/downloads/NCCSV.html</formspec>
        </digtinfo>
        <digtopt>
          <onlinopt>
            <computer>
              <networka>
                <networkr>http://oos.soest.hawaii.edu/erddap/tabledap/cwb_water_quality.html</networkr>
              </networka>
            </computer>
          </onlinopt>
        </digtopt>
      </digform>
      <digform>
        <digtinfo>
          <formname>.ncoJson</formname>
          <formvern>1</formvern>
          <formspec>Download an NCO lvl=2 JSON file with COARDS/CF/ACDD metadata. http://nco.sourceforge.net/nco.html#json</formspec>
        </digtinfo>
        <digtopt>
          <onlinopt>
            <computer>
              <networka>
                <networkr>http://oos.soest.hawaii.edu/erddap/tabledap/cwb_water_quality.html</networkr>
              </networka>
            </computer>
          </onlinopt>
        </digtopt>
      </digform>
      <digform>
        <digtinfo>
          <formname>.odvTxt</formname>
          <formvern>1</formvern>
          <formspec>Download longitude,latitude,time,otherColumns as an ISO-8859-1 ODV Generic Spreadsheet File (.txt). https://odv.awi.de/en/documentation/</formspec>
        </digtinfo>
        <digtopt>
          <onlinopt>
            <computer>
              <networka>
                <networkr>http://oos.soest.hawaii.edu/erddap/tabledap/cwb_water_quality.html</networkr>
              </networka>
            </computer>
          </onlinopt>
        </digtopt>
      </digform>
      <digform>
        <digtinfo>
          <formname>.subset</formname>
          <formvern>1</formvern>
          <formspec>View an HTML form which uses faceted search to simplify picking subsets of the data. https://en.wikipedia.org/wiki/Faceted_search</formspec>
        </digtinfo>
        <digtopt>
          <onlinopt>
            <computer>
              <networka>
                <networkr>http://oos.soest.hawaii.edu/erddap/tabledap/cwb_water_quality.html</networkr>
              </networka>
            </computer>
          </onlinopt>
        </digtopt>
      </digform>
      <digform>
        <digtinfo>
          <formname>.tsv</formname>
          <formvern>1</formvern>
          <formspec>Download a UTF-8 tab-separated text table (line 1: names; line 2: units; ISO 8601 times). http://www.cs.tut.fi/~jkorpela/TSV.html</formspec>
        </digtinfo>
        <digtopt>
          <onlinopt>
            <computer>
              <networka>
                <networkr>http://oos.soest.hawaii.edu/erddap/tabledap/cwb_water_quality.html</networkr>
              </networka>
            </computer>
          </onlinopt>
        </digtopt>
      </digform>
      <digform>
        <digtinfo>
          <formname>.tsvp</formname>
          <formvern>1</formvern>
          <formspec>Download a UTF-8 .tsv file with line 1: name (units). Times are ISO 8601 strings. http://www.cs.tut.fi/~jkorpela/TSV.html</formspec>
        </digtinfo>
        <digtopt>
          <onlinopt>
            <computer>
              <networka>
                <networkr>http://oos.soest.hawaii.edu/erddap/tabledap/cwb_water_quality.html</networkr>
              </networka>
            </computer>
          </onlinopt>
        </digtopt>
      </digform>
      <digform>
        <digtinfo>
          <formname>.tsv0</formname>
          <formvern>1</formvern>
          <formspec>Download a UTF-8 .tsv file without column names or units. Times are ISO 8601 strings. http://www.cs.tut.fi/~jkorpela/TSV.html</formspec>
        </digtinfo>
        <digtopt>
          <onlinopt>
            <computer>
              <networka>
                <networkr>http://oos.soest.hawaii.edu/erddap/tabledap/cwb_water_quality.html</networkr>
              </networka>
            </computer>
          </onlinopt>
        </digtopt>
      </digform>
      <digform>
        <digtinfo>
          <formname>.xhtml</formname>
          <formvern>1</formvern>
          <formspec>View a UTF-8 XHTML (XML) file with the data in a table. Times are ISO 8601 strings. https://www.w3schools.com/html/html_tables.asp</formspec>
        </digtinfo>
        <digtopt>
          <onlinopt>
            <computer>
              <networka>
                <networkr>http://oos.soest.hawaii.edu/erddap/tabledap/cwb_water_quality.html</networkr>
              </networka>
            </computer>
          </onlinopt>
        </digtopt>
      </digform>
      <digform>
        <digtinfo>
          <formname>.kml</formname>
          <formvern>1</formvern>
          <formspec>View a .kml file, suitable for Google Earth. https://developers.google.com/kml/</formspec>
        </digtinfo>
        <digtopt>
          <onlinopt>
            <computer>
              <networka>
                <networkr>http://oos.soest.hawaii.edu/erddap/tabledap/cwb_water_quality.graph</networkr>
              </networka>
            </computer>
          </onlinopt>
        </digtopt>
      </digform>
      <digform>
        <digtinfo>
          <formname>.smallPdf</formname>
          <formvern>1</formvern>
          <formspec>View a small .pdf image file with a graph or map. https://acrobat.adobe.com/us/en/why-adobe/about-adobe-pdf.html</formspec>
        </digtinfo>
        <digtopt>
          <onlinopt>
            <computer>
              <networka>
                <networkr>http://oos.soest.hawaii.edu/erddap/tabledap/cwb_water_quality.graph</networkr>
              </networka>
            </computer>
          </onlinopt>
        </digtopt>
      </digform>
      <digform>
        <digtinfo>
          <formname>.pdf</formname>
          <formvern>1</formvern>
          <formspec>View a standard, medium-sized .pdf image file with a graph or map. https://acrobat.adobe.com/us/en/why-adobe/about-adobe-pdf.html</formspec>
        </digtinfo>
        <digtopt>
          <onlinopt>
            <computer>
              <networka>
                <networkr>http://oos.soest.hawaii.edu/erddap/tabledap/cwb_water_quality.graph</networkr>
              </networka>
            </computer>
          </onlinopt>
        </digtopt>
      </digform>
      <digform>
        <digtinfo>
          <formname>.largePdf</formname>
          <formvern>1</formvern>
          <formspec>View a large .pdf image file with a graph or map. https://acrobat.adobe.com/us/en/why-adobe/about-adobe-pdf.html</formspec>
        </digtinfo>
        <digtopt>
          <onlinopt>
            <computer>
              <networka>
                <networkr>http://oos.soest.hawaii.edu/erddap/tabledap/cwb_water_quality.graph</networkr>
              </networka>
            </computer>
          </onlinopt>
        </digtopt>
      </digform>
      <digform>
        <digtinfo>
          <formname>.smallPng</formname>
          <formvern>1</formvern>
          <formspec>View a small .png image file with a graph or map. http://www.libpng.org/pub/png/</formspec>
        </digtinfo>
        <digtopt>
          <onlinopt>
            <computer>
              <networka>
                <networkr>http://oos.soest.hawaii.edu/erddap/tabledap/cwb_water_quality.graph</networkr>
              </networka>
            </computer>
          </onlinopt>
        </digtopt>
      </digform>
      <digform>
        <digtinfo>
          <formname>.png</formname>
          <formvern>1</formvern>
          <formspec>View a standard, medium-sized .png image file with a graph or map. http://www.libpng.org/pub/png/</formspec>
        </digtinfo>
        <digtopt>
          <onlinopt>
            <computer>
              <networka>
                <networkr>http://oos.soest.hawaii.edu/erddap/tabledap/cwb_water_quality.graph</networkr>
              </networka>
            </computer>
          </onlinopt>
        </digtopt>
      </digform>
      <digform>
        <digtinfo>
          <formname>.largePng</formname>
          <formvern>1</formvern>
          <formspec>View a large .png image file with a graph or map. http://www.libpng.org/pub/png/</formspec>
        </digtinfo>
        <digtopt>
          <onlinopt>
            <computer>
              <networka>
                <networkr>http://oos.soest.hawaii.edu/erddap/tabledap/cwb_water_quality.graph</networkr>
              </networka>
            </computer>
          </onlinopt>
        </digtopt>
      </digform>
      <digform>
        <digtinfo>
          <formname>.transparentPng</formname>
          <formvern>1</formvern>
          <formspec>View a .png image file (just the data, without axes, landmask, or legend). http://www.libpng.org/pub/png/</formspec>
        </digtinfo>
        <digtopt>
          <onlinopt>
            <computer>
              <networka>
                <networkr>http://oos.soest.hawaii.edu/erddap/tabledap/cwb_water_quality.graph</networkr>
              </networka>
            </computer>
          </onlinopt>
        </digtopt>
      </digform>
      <fees>None</fees>
    </stdorder>
  </distinfo>
  <metainfo>
    <metd>20180109</metd>
    <metc>
            <cntinfo>
              <cntorgp>
                <cntorg>Pacific Islands Ocean Observing System (PacIOOS)</cntorg>
                <cntper>Jim Potemra</cntper>
              </cntorgp>
              <cntpos>Data System Manager</cntpos>
              <cntaddr>
                <addrtype>Mailing and Physical Address</addrtype>
                <address>1680 East West Road, POST-401</address>
                <city>Honolulu</city>
                <state>HI</state>
                <postal>96822</postal>
                <country>USA</country>
              </cntaddr>
              <cntvoice>808-956-2737</cntvoice>
              <cntemail>jimp@hawaii.edu</cntemail>
            </cntinfo>
    </metc>
    <metstdn>Content Standard for Digital Geospatial Metadata</metstdn>
    <metstdv>FGDC-STD-012-2002</metstdv>
    <mettc>universal time</mettc>
    <metac>None.</metac>
    <metuc>The data may be used and redistributed for free but is not intended for legal use, since it may contain inaccuracies. Neither the data Contributor, University of Hawaii, PacIOOS, NOAA, State of Hawaii nor the United States Government, nor any of their employees or contractors, makes any warranty, express or implied, including warranties of merchantability and fitness for a particular purpose, or assumes any legal liability for the accuracy, completeness, or usefulness, of this information.</metuc>
  </metainfo>
</metadata>
